{
    "loss": 1.17203688621521,
    "accuracy": 0.6982758641242981
}